-- phpMyAdmin SQL Dump
-- version 4.9.0.1
-- https://www.phpmyadmin.net/
--
-- Host: 127.0.0.1
-- Generation Time: Aug 01, 2019 at 12:28 PM
-- Server version: 10.3.16-MariaDB
-- PHP Version: 7.3.6

SET SQL_MODE = "NO_AUTO_VALUE_ON_ZERO";
SET AUTOCOMMIT = 0;
START TRANSACTION;
SET time_zone = "+00:00";


/*!40101 SET @OLD_CHARACTER_SET_CLIENT=@@CHARACTER_SET_CLIENT */;
/*!40101 SET @OLD_CHARACTER_SET_RESULTS=@@CHARACTER_SET_RESULTS */;
/*!40101 SET @OLD_COLLATION_CONNECTION=@@COLLATION_CONNECTION */;
/*!40101 SET NAMES utf8mb4 */;

--
-- Database: `cms`
--

-- --------------------------------------------------------

--
-- Table structure for table `cms_admin`
--

CREATE TABLE `cms_admin` (
  `id` int(10) UNSIGNED NOT NULL,
  `name` varchar(255) COLLATE utf8mb4_unicode_ci NOT NULL,
  `role_id` int(10) NOT NULL,
  `avatar` varchar(255) COLLATE utf8mb4_unicode_ci NOT NULL,
  `username` varchar(255) COLLATE utf8mb4_unicode_ci NOT NULL,
  `password` varchar(255) COLLATE utf8mb4_unicode_ci NOT NULL,
  `remember_token` varchar(100) COLLATE utf8mb4_unicode_ci DEFAULT NULL,
  `created_at` timestamp NULL DEFAULT NULL,
  `updated_at` timestamp NULL DEFAULT NULL
) ENGINE=InnoDB DEFAULT CHARSET=utf8mb4 COLLATE=utf8mb4_unicode_ci;

--
-- Dumping data for table `cms_admin`
--

INSERT INTO `cms_admin` (`id`, `name`, `role_id`, `avatar`, `username`, `password`, `remember_token`, `created_at`, `updated_at`) VALUES
(1, 'NGUYEN VAN TUAN', 1, 'dist/img/user2-160x160.jpg', 'admin', '$2y$10$P0GK/41Xk88OL55si5OGpeGrRBRaEkxZcuIbzx1fZiTWIfA1WjaFC', NULL, '2019-07-23 00:23:29', '2019-07-23 00:23:29'),
(2, 'NGUYEN VAN TUAN', 2, 'dist/img/user2-160x160.jpg', 'admin1', '$2y$10$P0GK/41Xk88OL55si5OGpeGrRBRaEkxZcuIbzx1fZiTWIfA1WjaFC', NULL, '2019-07-23 00:23:29', '2019-07-23 00:23:29');

-- --------------------------------------------------------

--
-- Table structure for table `cms_categories`
--

CREATE TABLE `cms_categories` (
  `id` int(10) UNSIGNED NOT NULL,
  `name` varchar(120) COLLATE utf8mb4_unicode_ci NOT NULL,
  `slug` varchar(120) COLLATE utf8mb4_unicode_ci NOT NULL,
  `parent_id` int(10) UNSIGNED NOT NULL DEFAULT 0,
  `description` text COLLATE utf8mb4_unicode_ci NOT NULL,
  `status` tinyint(3) UNSIGNED NOT NULL DEFAULT 1,
  `user_id` int(10) UNSIGNED NOT NULL,
  `icon` varchar(60) COLLATE utf8mb4_unicode_ci DEFAULT NULL,
  `featured` tinyint(4) NOT NULL DEFAULT 0,
  `order` tinyint(4) NOT NULL DEFAULT 0,
  `is_default` tinyint(3) UNSIGNED NOT NULL DEFAULT 0,
  `deleted_at` timestamp NULL DEFAULT NULL,
  `created_at` timestamp NULL DEFAULT NULL,
  `updated_at` timestamp NULL DEFAULT NULL
) ENGINE=InnoDB DEFAULT CHARSET=utf8mb4 COLLATE=utf8mb4_unicode_ci;

-- --------------------------------------------------------

--
-- Table structure for table `cms_migrations`
--

CREATE TABLE `cms_migrations` (
  `id` int(10) UNSIGNED NOT NULL,
  `migration` varchar(255) COLLATE utf8mb4_unicode_ci NOT NULL,
  `batch` int(11) NOT NULL
) ENGINE=InnoDB DEFAULT CHARSET=utf8mb4 COLLATE=utf8mb4_unicode_ci;

--
-- Dumping data for table `cms_migrations`
--

INSERT INTO `cms_migrations` (`id`, `migration`, `batch`) VALUES
(1, '2019_07_22_100913_blog', 1),
(2, '2019_07_23_023604_user', 1),
(3, '2019_07_27_025039_create_page_table', 2);

-- --------------------------------------------------------

--
-- Table structure for table `cms_page`
--

CREATE TABLE `cms_page` (
  `id` bigint(20) UNSIGNED NOT NULL,
  `slug` varchar(255) COLLATE utf8mb4_unicode_ci NOT NULL,
  `title` varchar(255) COLLATE utf8mb4_unicode_ci DEFAULT NULL,
  `description` varchar(500) COLLATE utf8mb4_unicode_ci NOT NULL,
  `content` text COLLATE utf8mb4_unicode_ci NOT NULL,
  `status` tinyint(3) UNSIGNED NOT NULL DEFAULT 1,
  `created_at` timestamp NULL DEFAULT NULL,
  `updated_at` timestamp NULL DEFAULT NULL
) ENGINE=InnoDB DEFAULT CHARSET=utf8mb4 COLLATE=utf8mb4_unicode_ci;

--
-- Dumping data for table `cms_page`
--

INSERT INTO `cms_page` (`id`, `slug`, `title`, `description`, `content`, `status`, `created_at`, `updated_at`) VALUES
(1, 'gioi-thieu', 'Giới thiệu', 'demo', '@for ($i = 0; $i < 10; $i++)\r\n    <div>The current value is {{ $i }}</div>\r\n@endfor', 1, '2019-07-26 20:14:53', '2019-07-28 20:25:22'),
(2, 'gioi-thieu-demo', 'Giới thiệu', 'demo', '<p>{{demo()}}</p>', 1, '2019-07-26 20:35:32', '2019-07-26 20:35:32');

-- --------------------------------------------------------

--
-- Table structure for table `cms_permissions`
--

CREATE TABLE `cms_permissions` (
  `id` int(10) UNSIGNED NOT NULL,
  `name` varchar(255) COLLATE utf8mb4_unicode_ci NOT NULL,
  `role_id` int(10) NOT NULL,
  `created_at` timestamp NULL DEFAULT NULL,
  `updated_at` timestamp NULL DEFAULT NULL
) ENGINE=InnoDB DEFAULT CHARSET=utf8mb4 COLLATE=utf8mb4_unicode_ci;

--
-- Dumping data for table `cms_permissions`
--

INSERT INTO `cms_permissions` (`id`, `name`, `role_id`, `created_at`, `updated_at`) VALUES
(1, 'dashboard:list', 1, '2019-07-23 17:00:00', '2019-07-23 17:00:00'),
(2, 'module:blog:dashboard', 1, '2019-07-23 17:00:00', '2019-07-23 17:00:00'),
(3, 'blog', 1, '2019-07-23 17:00:00', '2019-07-23 17:00:00'),
(4, 'module:blog:post:list', 1, '2019-07-23 17:00:00', '2019-07-23 17:00:00'),
(5, 'module:user:index:index', 1, '2019-07-23 17:00:00', '2019-07-23 17:00:00'),
(6, 'module:user:role:index', 1, '2019-07-23 17:00:00', '2019-07-23 17:00:00'),
(7, 'module:user:permission:index', 1, '2019-07-23 17:00:00', '2019-07-23 17:00:00'),
(8, 'user:home:member', 3, '2019-07-23 17:00:00', '2019-07-23 17:00:00');

-- --------------------------------------------------------

--
-- Table structure for table `cms_posts`
--

CREATE TABLE `cms_posts` (
  `id` int(10) UNSIGNED NOT NULL,
  `name` varchar(255) COLLATE utf8mb4_unicode_ci NOT NULL,
  `slug` varchar(255) COLLATE utf8mb4_unicode_ci NOT NULL,
  `image` varchar(255) COLLATE utf8mb4_unicode_ci DEFAULT NULL,
  `description` varchar(500) COLLATE utf8mb4_unicode_ci NOT NULL,
  `content` text COLLATE utf8mb4_unicode_ci NOT NULL,
  `status` tinyint(3) UNSIGNED NOT NULL DEFAULT 1,
  `user_id` int(11) NOT NULL,
  `featured` tinyint(3) UNSIGNED NOT NULL DEFAULT 0,
  `views` int(10) UNSIGNED NOT NULL DEFAULT 0,
  `format_type` varchar(30) COLLATE utf8mb4_unicode_ci DEFAULT NULL,
  `deleted_at` timestamp NULL DEFAULT NULL,
  `created_at` timestamp NULL DEFAULT NULL,
  `updated_at` timestamp NULL DEFAULT NULL
) ENGINE=InnoDB DEFAULT CHARSET=utf8mb4 COLLATE=utf8mb4_unicode_ci;

-- --------------------------------------------------------

--
-- Table structure for table `cms_post_category`
--

CREATE TABLE `cms_post_category` (
  `id` int(10) UNSIGNED NOT NULL,
  `category_id` int(10) UNSIGNED NOT NULL,
  `post_id` int(10) UNSIGNED NOT NULL,
  `deleted_at` timestamp NULL DEFAULT NULL,
  `created_at` timestamp NULL DEFAULT NULL,
  `updated_at` timestamp NULL DEFAULT NULL
) ENGINE=InnoDB DEFAULT CHARSET=utf8mb4 COLLATE=utf8mb4_unicode_ci;

-- --------------------------------------------------------

--
-- Table structure for table `cms_post_tag`
--

CREATE TABLE `cms_post_tag` (
  `id` int(10) UNSIGNED NOT NULL,
  `tag_id` int(10) UNSIGNED NOT NULL,
  `post_id` int(10) UNSIGNED NOT NULL,
  `deleted_at` timestamp NULL DEFAULT NULL,
  `created_at` timestamp NULL DEFAULT NULL,
  `updated_at` timestamp NULL DEFAULT NULL
) ENGINE=InnoDB DEFAULT CHARSET=utf8mb4 COLLATE=utf8mb4_unicode_ci;

-- --------------------------------------------------------

--
-- Table structure for table `cms_role`
--

CREATE TABLE `cms_role` (
  `id` int(10) UNSIGNED NOT NULL,
  `name` varchar(255) COLLATE utf8mb4_unicode_ci NOT NULL,
  `guard_name` varchar(255) COLLATE utf8mb4_unicode_ci NOT NULL,
  `created_at` timestamp NULL DEFAULT NULL,
  `updated_at` timestamp NULL DEFAULT NULL
) ENGINE=InnoDB DEFAULT CHARSET=utf8mb4 COLLATE=utf8mb4_unicode_ci;

--
-- Dumping data for table `cms_role`
--

INSERT INTO `cms_role` (`id`, `name`, `guard_name`, `created_at`, `updated_at`) VALUES
(1, 'admin', 'admin', '2019-07-23 17:00:00', '2019-07-23 17:00:00'),
(2, 'post', 'admin', '2019-07-23 17:00:00', '2019-07-23 17:00:00'),
(3, 'member', 'web', '2019-07-23 17:00:00', '2019-07-23 17:00:00');

-- --------------------------------------------------------

--
-- Table structure for table `cms_tags`
--

CREATE TABLE `cms_tags` (
  `id` int(10) UNSIGNED NOT NULL,
  `name` varchar(120) COLLATE utf8mb4_unicode_ci NOT NULL,
  `slug` varchar(120) COLLATE utf8mb4_unicode_ci NOT NULL,
  `user_id` int(10) UNSIGNED NOT NULL,
  `description` varchar(400) COLLATE utf8mb4_unicode_ci DEFAULT '',
  `parent_id` int(10) UNSIGNED NOT NULL DEFAULT 0,
  `status` tinyint(3) UNSIGNED NOT NULL DEFAULT 1,
  `created_at` timestamp NULL DEFAULT NULL,
  `updated_at` timestamp NULL DEFAULT NULL
) ENGINE=InnoDB DEFAULT CHARSET=utf8mb4 COLLATE=utf8mb4_unicode_ci;

-- --------------------------------------------------------

--
-- Table structure for table `cms_user`
--

CREATE TABLE `cms_user` (
  `id` int(10) UNSIGNED NOT NULL,
  `name` varchar(255) COLLATE utf8mb4_unicode_ci NOT NULL,
  `role_id` int(10) NOT NULL,
  `username` varchar(255) COLLATE utf8mb4_unicode_ci NOT NULL,
  `password` varchar(255) COLLATE utf8mb4_unicode_ci NOT NULL,
  `remember_token` varchar(100) COLLATE utf8mb4_unicode_ci DEFAULT NULL,
  `created_at` timestamp NULL DEFAULT NULL,
  `updated_at` timestamp NULL DEFAULT NULL
) ENGINE=InnoDB DEFAULT CHARSET=utf8mb4 COLLATE=utf8mb4_unicode_ci;

--
-- Dumping data for table `cms_user`
--

INSERT INTO `cms_user` (`id`, `name`, `role_id`, `username`, `password`, `remember_token`, `created_at`, `updated_at`) VALUES
(1, 'trungtea', 3, 'trungtea', '$2y$10$6nktFKIDAHcjsdCgf8/hyuycapBFxHtmXyH/ctY8KgVHq36AJTAHa', NULL, '2019-07-22 20:22:21', '2019-07-22 20:22:21');

-- --------------------------------------------------------

--
-- Table structure for table `role_users`
--

CREATE TABLE `role_users` (
  `id` int(10) UNSIGNED NOT NULL,
  `user_id` int(10) UNSIGNED NOT NULL,
  `role_id` int(10) UNSIGNED NOT NULL,
  `created_at` timestamp NULL DEFAULT NULL,
  `updated_at` timestamp NULL DEFAULT NULL
) ENGINE=InnoDB DEFAULT CHARSET=utf8mb4 COLLATE=utf8mb4_unicode_ci;

--
-- Dumping data for table `role_users`
--

INSERT INTO `role_users` (`id`, `user_id`, `role_id`, `created_at`, `updated_at`) VALUES
(3, 1, 1, '2018-01-18 01:11:34', '2018-01-18 01:11:34');

--
-- Indexes for dumped tables
--

--
-- Indexes for table `cms_admin`
--
ALTER TABLE `cms_admin`
  ADD PRIMARY KEY (`id`),
  ADD UNIQUE KEY `cms_admin_username_unique` (`username`);

--
-- Indexes for table `cms_categories`
--
ALTER TABLE `cms_categories`
  ADD PRIMARY KEY (`id`),
  ADD KEY `cms_categories_parent_id_index` (`parent_id`),
  ADD KEY `cms_categories_user_id_index` (`user_id`);

--
-- Indexes for table `cms_migrations`
--
ALTER TABLE `cms_migrations`
  ADD PRIMARY KEY (`id`);

--
-- Indexes for table `cms_page`
--
ALTER TABLE `cms_page`
  ADD PRIMARY KEY (`id`),
  ADD UNIQUE KEY `slug` (`slug`);

--
-- Indexes for table `cms_permissions`
--
ALTER TABLE `cms_permissions`
  ADD PRIMARY KEY (`id`),
  ADD UNIQUE KEY `name` (`name`,`role_id`);

--
-- Indexes for table `cms_posts`
--
ALTER TABLE `cms_posts`
  ADD PRIMARY KEY (`id`);

--
-- Indexes for table `cms_post_category`
--
ALTER TABLE `cms_post_category`
  ADD PRIMARY KEY (`id`),
  ADD KEY `cms_post_category_category_id_index` (`category_id`),
  ADD KEY `cms_post_category_post_id_index` (`post_id`);

--
-- Indexes for table `cms_post_tag`
--
ALTER TABLE `cms_post_tag`
  ADD PRIMARY KEY (`id`),
  ADD KEY `cms_post_tag_tag_id_index` (`tag_id`),
  ADD KEY `cms_post_tag_post_id_index` (`post_id`);

--
-- Indexes for table `cms_role`
--
ALTER TABLE `cms_role`
  ADD PRIMARY KEY (`id`);

--
-- Indexes for table `cms_tags`
--
ALTER TABLE `cms_tags`
  ADD PRIMARY KEY (`id`),
  ADD KEY `cms_tags_user_id_index` (`user_id`),
  ADD KEY `cms_tags_parent_id_index` (`parent_id`);

--
-- Indexes for table `cms_user`
--
ALTER TABLE `cms_user`
  ADD PRIMARY KEY (`id`),
  ADD UNIQUE KEY `cms_user_username_unique` (`username`);

--
-- Indexes for table `role_users`
--
ALTER TABLE `role_users`
  ADD PRIMARY KEY (`id`),
  ADD KEY `role_users_user_id_index` (`user_id`),
  ADD KEY `role_users_role_id_index` (`role_id`);

--
-- AUTO_INCREMENT for dumped tables
--

--
-- AUTO_INCREMENT for table `cms_admin`
--
ALTER TABLE `cms_admin`
  MODIFY `id` int(10) UNSIGNED NOT NULL AUTO_INCREMENT, AUTO_INCREMENT=3;

--
-- AUTO_INCREMENT for table `cms_categories`
--
ALTER TABLE `cms_categories`
  MODIFY `id` int(10) UNSIGNED NOT NULL AUTO_INCREMENT;

--
-- AUTO_INCREMENT for table `cms_migrations`
--
ALTER TABLE `cms_migrations`
  MODIFY `id` int(10) UNSIGNED NOT NULL AUTO_INCREMENT, AUTO_INCREMENT=4;

--
-- AUTO_INCREMENT for table `cms_page`
--
ALTER TABLE `cms_page`
  MODIFY `id` bigint(20) UNSIGNED NOT NULL AUTO_INCREMENT, AUTO_INCREMENT=3;

--
-- AUTO_INCREMENT for table `cms_permissions`
--
ALTER TABLE `cms_permissions`
  MODIFY `id` int(10) UNSIGNED NOT NULL AUTO_INCREMENT, AUTO_INCREMENT=9;

--
-- AUTO_INCREMENT for table `cms_posts`
--
ALTER TABLE `cms_posts`
  MODIFY `id` int(10) UNSIGNED NOT NULL AUTO_INCREMENT;

--
-- AUTO_INCREMENT for table `cms_post_category`
--
ALTER TABLE `cms_post_category`
  MODIFY `id` int(10) UNSIGNED NOT NULL AUTO_INCREMENT;

--
-- AUTO_INCREMENT for table `cms_post_tag`
--
ALTER TABLE `cms_post_tag`
  MODIFY `id` int(10) UNSIGNED NOT NULL AUTO_INCREMENT;

--
-- AUTO_INCREMENT for table `cms_role`
--
ALTER TABLE `cms_role`
  MODIFY `id` int(10) UNSIGNED NOT NULL AUTO_INCREMENT, AUTO_INCREMENT=4;

--
-- AUTO_INCREMENT for table `cms_tags`
--
ALTER TABLE `cms_tags`
  MODIFY `id` int(10) UNSIGNED NOT NULL AUTO_INCREMENT;

--
-- AUTO_INCREMENT for table `cms_user`
--
ALTER TABLE `cms_user`
  MODIFY `id` int(10) UNSIGNED NOT NULL AUTO_INCREMENT, AUTO_INCREMENT=2;

--
-- AUTO_INCREMENT for table `role_users`
--
ALTER TABLE `role_users`
  MODIFY `id` int(10) UNSIGNED NOT NULL AUTO_INCREMENT, AUTO_INCREMENT=4;
COMMIT;

/*!40101 SET CHARACTER_SET_CLIENT=@OLD_CHARACTER_SET_CLIENT */;
/*!40101 SET CHARACTER_SET_RESULTS=@OLD_CHARACTER_SET_RESULTS */;
/*!40101 SET COLLATION_CONNECTION=@OLD_COLLATION_CONNECTION */;
